place,visits,total
Place(4G094),14594,274618
Place(6D097),325,4586
Place(4E0E0),42,383
Place(5G040),2064,30019
Place(4A061),104745,1942003
Place(4B022),41201,764917
Place(4D070),204793,4120919
Place(6A0E2),330,3532
Place(3D021),189941,4074442
Place(4B0E2),187,1757
Place(0A0E3),290,2899
Place(2F095),1467,24657
Place(5C043),144145,3002215
Place(5B094),9741,170453
Place(1D022),10854,195197
Place(5C094),13566,240353
Place(2C0B3),130,1249
Place(3D010),98306,2160152
Place(5E091),19052,362029
Place(4C0E2),6,40
Place(5B061),138072,2831868
Place(0B070),72848,1208070
Place(4B0A2),6027,88097
Place(4D051),119463,2455060
Place(4A0E3),96,835
Place(6D082),1995,32860
Place(5F0F0),57,515
Place(6B020),661761,13466041
Place(0F0F0),300,3089
Place(2B0E2),297,3020
Place(1E030),204961,4351836
Place(5F097),1388,22939
Place(6A083),58071,1194752
Place(6B0B0),53495,832604
Place(6D080),10237,181250
Place(3E021),182388,3824243
Place(4E096),3751,68829
Place(5F0A1),1119,11923
Place(0F022),84903,1442854
Place(5E0E3),171,1562
Place(0E0E2),63,456
Place(6C070),55964,1002903
Place(6C051),36826,665270
Place(0F051),5892,89397
Place(1E0B2),251,2415
Place(2G013),13782,211755
Place(6C0C0),21822,354673
Place(1B0A2),424,4691
Place(6C0A3),1912,22265
Place(2F011),49065,980875
Place(4F0F0),132,1380
Place(0A0F1),78,785
Place(0B012),103047,1842528
Place(4B040),163634,3442916
Place(2G0A1),409,3859
Place(2A096),24341,461424
Place(4E092),17267,348410
Place(5C021),45009,826418
Place(3A0B1),2074,21841
Place(3B042),118979,2575694
Place(5E023),11885,205543
Place(2D094),39111,825150
Place(4D020),53880,1073618
Place(0C031),79031,1725223
Place(6D094),460,6966
Place(3E061),399475,9257276
Place(1E0E1),19227,338374
Place(2D043),133306,2876732
Place(0G053),258390,5648373
Place(3D060),491874,11449565
Place(0E020),109497,2128410
Place(6C020),176567,3706225
Place(4A021),42108,802864
Place(1A0A0),2471,26427
Place(4F041),69678,1392114
Place(6C083),33409,703511
Place(4D0B1),928,13245
Place(1G052),130614,2369130
Place(6F097),607,8203
Place(6D0C0),3177,34385
Place(5E042),79199,1576574
Place(2G0E0),29666,495141
Place(6C091),3144,53897
Place(2F0C0),18243,295415
Place(6D060),7342,117171
Place(3B0A2),643,6333
Place(5A0C0),2971,31467
Place(2F083),51650,1065179
Place(5A022),21881,373606
Place(3C021),96450,1919373
Place(0B020),118699,2174438
Place(3E082),209456,4638919
Place(2B0B1),326,3448
Place(0C041),74564,1495086
Place(3G0F1),101,897
Place(3A031),16540,265492
Place(0C011),15462,268753
Place(6C097),2146,32138
Place(1C097),3288,58970
Place(4C0D0),6595,104075
Place(1B040),87504,1691105
Place(5D013),104593,2231347
Place(2C021),355747,7709035
Place(1E081),230432,5124852
Place(6A011),546088,12426711
Place(6C010),680516,15886837
Place(1F042),96184,1867435
Place(3D040),308771,7118127
Place(0A0A3),647,7119
Place(5F011),47956,902893
Place(4B051),344247,7379177
Place(3A012),2369,35344
Place(1F052),40771,709206
Place(0C0A2),653,7088
Place(1D0A1),268,2850
Place(5G0E1),3354,38939
Place(6C0F0),581,6942
Place(2A041),20292,376500
Place(0E091),8801,155289
Place(1B083),64788,1276217
Place(0A0B2),618,6409
Place(3B023),89509,1686622
Place(2E083),123793,2704392
Place(4F082),165981,3653171
Place(3G071),46617,697362
Place(6E0B1),567,5793
Place(1C0A3),4877,66774
Place(1D095),21920,433998
Place(2G040),9436,147833
Place(3F023),149709,2845431
Place(0E021),12059,184529
Place(0B051),6515,99448
Place(5F030),82372,1662349
Place(3A011),1136,15020
Place(5C051),35464,649710
Place(0E095),5472,89382
Place(2B080),200111,4332009
Place(3F095),18844,384421
Place(3E0B3),237,2536
Place(1E092),6789,121919
Place(2A040),433313,9962020
Place(4C071),218178,4358912
Place(4B0E0),235,2568
Place(4A010),29644,586246
Place(1E020),85216,1665853
Place(5G050),1235,16087
Place(3B083),40246,816102
Roll,47413604,1003378051
Place(1B0B2),23275,349047
Place(5D092),12908,254626
Place(0C0B0),1389,16092
Place(3F0D0),1145,11326
Place(6E096),134467,2996823
Place(0E061),104562,2275008
Place(3G023),77867,1358037
Place(1A042),5724,89590
Place(3F071),110648,1995629
Place(4E050),282435,6062910
Place(3C083),245216,5596649
Place(6E097),14699,265631
Place(2E090),95253,2066530
Place(3E070),357024,7486026
Place(5C013),197594,4287779
Place(1D0E0),133,1261
Place(4E012),290626,6757163
Place(2C080),203421,4468149
Place(3D013),188990,4267405
Place(4F012),266130,5927248
Place(2B0F0),2038,33868
Place(3A0E1),22397,342469
Place(5D082),36107,714334
Place(6G012),42506,863664
Place(1D096),14956,298428
Place(4D060),478837,11216291
Place(5G095),752,10695
Place(3D094),136316,3069420
Place(6G0B1),1041,11324
Place(0A0B3),927,10222
Place(3E0B1),14586,238231
Place(4D0E0),23,241
Place(4C023),330672,7067225
Place(6G023),15872,269025
Place(6D071),121360,2103362
Place(3C031),451690,10355873
Place(2B042),269605,6013701
Place(3A0B0),3397,36738
Place(4C020),68401,1366904
Place(3G0E0),681,6365
Place(5C060),233396,4750304
Place(3C0A3),107,1089
Place(2F0E3),204,2060
Place(0C091),2512,39733
Place(1C040),362190,7776101
Place(5F012),27208,523969
Place(5A097),518,6915
Place(2G0F0),119,1197
Place(6B090),31283,567519
Place(0E094),501955,12278732
Place(4F042),26937,525501
Place(0G0F0),229,3014
Place(2A021),789064,17110520
Place(4F043),78689,1648750
Place(5B092),5000,92474
Place(0A053),401906,9190601
Place(2F042),92952,1842617
Place(3E0A0),1298,16518
Place(0C095),6069,107602
Place(5E0F1),168,1903
Place(6E022),284590,6155979
Place(2G093),3992,63600
Place(2C020),90270,1805518
Place(2F081),137816,2915928
Place(4C030),519517,11789891
Place(3D052),578071,12920887
Place(1G020),109461,2355884
Place(1D043),163265,3218889
Place(5A092),439,6079
Place(4F070),74463,1351246
Place(4B013),45397,880634
Place(3F011),56333,1018899
Place(1D0B2),1242,15032
Place(6D013),6411,112549
Place(4G0D0),1108,12096
Place(5G060),647418,12734153
Place(5E080),30593,570717
Place(5E090),10844,205946
Place(5A051),176734,3103787
Place(2D053),83768,1675108
Place(6D061),797013,16055428
Place(5F0B0),1926,21715
Place(0A051),18910,320592
Place(2E012),321523,7301715
Place(2A020),57764,1065998
Place(5C080),21570,411393
Place(0E0E1),99,791
Place(3D031),374212,8569525
Place(6E0B2),685,7315
Place(6G0A3),976,10586
Place(0D082),2715,43605
Place(0F0B0),60648,936292
Place(2D0F1),9,84
Place(4F021),158816,3220729
Place(4F0A0),7860,130062
Place(5D042),92284,1915711
Place(0E051),15192,247217
Place(1C022),216870,4437317
Place(5D0F0),21,184
Place(6E0D0),475,4778
Place(0D0A3),10943,136875
Place(3B071),127274,2333803
Place(6E094),6373,110462
Place(0A070),359616,7757605
Place(4E0E3),12,100
Place(4C0F0),824,13278
Place(5D030),168484,3548099
Place(5D021),11296,186867
Place(1F0B3),506,4997
Place(6C030),75412,1343782
Place(0E090),9753,184217
Place(1A082),115031,2170577
Place(5D0D0),264,2691
Place(1G042),180934,3359629
Place(6D0F1),640,6652
Place(1G0E2),42167,677525
Place(4E080),103825,2233799
Place(5G051),729384,14898235
Place(1D013),22797,421520
Place(2A080),28820,612795
Place(4F081),38710,765059
Place(5C0A0),939,10644
Place(5F0A3),1609,17592
Place(1B095),4384,73446
Place(6G060),127380,2568875
Place(4B050),29846,554627
Place(0B091),945,12855
Place(6B011),123450,2227954
Place(4E071),253033,5138066
Place(1C0E0),797,9446
Place(2A082),55929,1190551
Place(4F096),5534,95329
Place(1E031),434482,9528719
Place(3A052),7560,131878
Place(1C0D0),342,3245
Place(2A0E0),159,1401
Place(2G0A2),324,3231
Place(5C0B1),166,1529
Place(1D0D0),248,2370
Place(6A091),64907,1389626
Place(2D0E0),7305,125947
Place(2C011),169002,3798246
Place(2C097),29931,624539
Place(5E060),292867,6116179
Place(4G0A1),3433,43557
Place(3A096),720,10704
Place(2D097),8634,167509
Place(4D031),261324,5757138
Place(3C0F1),12,74
Place(4B0F0),2578,42965
Place(0F013),115934,2096472
Place(0G070),901851,19908117
Place(1E061),439601,9874515
Place(6A093),22857,454292
Place(1B030),75705,1555189
Place(1B050),26577,460382
Place(5B0E0),290,2619
Place(6E082),32981,595084
Place(6F093),1356,20552
Place(5C020),137093,2832226
Place(1D080),28198,571513
Place(4E0F1),6,39
Place(6G022),220018,4838527
Place(0G083),252467,5580548
Place(1D023),12637,211455
Place(1A0A3),42899,674517
Place(0G0B1),549,5692
Place(4G082),24356,524098
Place(0D040),4154,66646
Place(2D010),188986,4290807
Place(2G042),61921,1267527
Place(4B095),11511,205709
Place(4A020),29705,506602
Place(5F043),22475,436182
Place(5B0D0),985,10152
Place(3B093),10489,179072
Place(4E022),73427,1501640
Place(3A010),123241,2208492
Place(6C0E3),145,1240
Place(3B080),166740,3428017
Place(1B082),52139,1008098
Place(2B0D0),1008,11225
Place(6A0B1),1011,11092
Place(3B094),4775,85302
Place(1E082),15388,285012
Place(2F060),323883,6838344
Place(0C0F1),56,502
Place(6C031),87935,1925157
Place(1F0F1),103,935
Place(2A097),3760,60985
Place(3D092),32890,712457
Place(6A0C0),3281,41766
Place(4C010),58565,1207349
Place(3F070),114585,2155952
Place(3E050),209119,4533807
Place(1F082),8995,155689
Place(6C094),8871,148783
Place(2E0F0),28,242
Place(3C0A2),13474,226635
Place(1E097),5336,95127
Place(1C090),16490,315475
Place(3E052),61666,1243044
Place(6D041),222158,4228099
Place(5A083),1421,20748
Place(2E096),9273,180726
Place(4B0A1),695,7431
Place(2F082),116291,2468169
Place(4B091),4909,84212
Place(6C071),38467,668308
Place(3B041),119032,2497316
Place(3D082),247210,5629401
Place(0B031),813775,16353151
Place(1D061),628331,13114026
Place(3A0B3),4596,52479
Place(5D0B1),240,2418
Place(3B097),13895,280442
Place(2D0F0),2,3
Place(1F071),44203,774875
Place(6G0A1),403,4132
Place(0D053),1468538,32502335
Place(4A053),61699,1176740
Place(2A031),191198,3675517
Place(2E0B2),227,2339
Place(3F0B3),829,8596
Place(4B043),53953,1097153
Place(5B0F1),57,643
Place(6C096),180322,4297885
Place(1C010),38879,783564
Place(2B0B2),647,7054
Place(0D010),2760,44143
Place(4D022),94202,1932653
Place(1E096),3734,63250
Place(5E0B3),294,3046
Place(6B081),90515,1657462
Place(0A092),38094,782087
Place(2C041),97298,2107029
Place(0G081),303169,6942041
Place(2A012),13903,229395
Place(3D020),73782,1517675
Place(4B052),82656,1571414
Place(2G0E2),371,3655
Place(1F061),231723,5004945
Place(1B071),18632,335577
Place(3_000),17965134,448564696
Place(1F010),56150,1137629
Place(4B041),48219,968223
Place(2G0E1),70,626
Place(5E0B2),464,4744
End,16722184,398449978
Place(2A011),118326,2374053
Place(4D050),277450,5887952
Place(3E0F0),17,169
Place(2D042),229086,5037476
Place(0D0E3),650,5847
Place(2E095),23505,472542
Place(5A050),94547,1644841
Place(6A053),14823,246273
Place(3C0A1),295,3406
Place(1F095),1637,26834
Place(1F0A0),421,4476
Place(4G0B2),659,6514
Place(1B0A1),3697,44518
Place(0G091),29832,593332
Place(6A0B0),1511,17625
Place(2B0C0),254,2385
Place(2G092),3663,56614
Place(5G020),9703,163479
Place(2F090),2214,37166
Place(6A071),564086,12327119
Place(0G0B2),642,6655
Place(6B042),4528,71673
Place(1C0B3),355,3591
Place(3F060),134377,2701115
Place(6C095),198573,4421097
Place(3B070),63011,1183960
Place(3B0B0),574,5330
Place(2E0B1),231,2546
Place(1C0A2),2490,32892
Place(4F0D0),614,6891
Place(5B060),452310,9285729
Place(0E092),137759,2955611
Place(4C097),128840,2804818
Place(2B071),131180,2476431
Place(3D050),285985,6203398
Place(3D042),118273,2625758
Place(2E013),111509,2407808
Place(6E0B0),441,4304
Place(0A061),594040,13593040
Place(6F0B2),2240,23891
Place(3C0E2),107,1040
Place(0E071),43028,739986
Place(5D093),20707,414307
Place(5G053),53912,878978
Place(0F010),2537,35266
Place(5E020),60742,1196785
Place(1B011),6569,114898
Place(0C010),33795,647816
Place(4G010),10887,173766
Place(1B0F1),639,8680
Place(2G043),15745,275072
Place(1C041),125872,2670448
Place(0G022),618341,13758278
Place(1C083),176520,3740405
Place(2G090),6175,104218
Place(1D0A3),4287,55342
Place(5B093),1874,29696
Place(1G043),1811,26251
Place(3D0F0),11,98
Place(6B082),1469,20660
Place(2F0E0),18100,312615
Place(2C0B2),189,1938
Place(3D0A0),11745,205264
Place(4F053),65437,1261337
Place(4G0E1),446,4386
Place(2D091),148725,3370268
Place(2E021),437468,9551397
Place(1G050),1215,15962
Place(2F031),429398,9167764
Place(0C040),19012,334086
Place(4D052),107492,2213586
Place(6C0B3),527,5571
Place(1A0B2),12551,164830
Place(6B0B1),91980,1492904
Place(5E021),121029,2415068
Place(2G070),895765,19023643
Place(2C095),35905,743956
Place(0F012),110162,1945132
Place(6D092),570,8377
Place(3D093),6327,123470
Place(5F080),49126,929571
Place(1F0A1),1843,20456
Place(1A0C0),2755,29719
Place(3C0B0),174,1778
Place(2D0D0),189,1804
Place(6E053),14749,232750
Place(1B097),29680,588545
Place(1F0A3),908,9730
Place(2E0A3),295,3189
Place(2F053),150468,3028073
Place(1G0E1),1727,17261
Place(1C0E1),82,708
Place(4D042),222217,5041249
Place(2A0A2),553,5835
Place(0G021),16573,278370
Place(6B013),1886,27372
Place(3B0E1),256,2394
Place(1A061),6873,101342
Place(6G021),327809,7744408
Place(0D0F1),664,7144
Place(6D083),365840,7465074
Place(4D061),704974,16192627
Place(6A081),47578,995821
Place(1E090),26525,541975
Place(5B011),80166,1530149
Place(6A030),612918,13857560
Place(0A021),14881,251425
Place(2D050),90919,1866867
Place(1E0B3),233,2382
Place(4E0A0),9231,150547
Place(4G080),46618,980004
Place(5G094),749,10621
Place(1G060),425870,7949990
Place(6F011),147352,2722369
Place(3E083),207268,4688486
Place(1A0E0),951,9243
Place(2F041),42440,832819
Place(2A0B3),734,7417
Place(4C081),183776,4083562
Place(6E0E3),468,4842
Place(2E091),71924,1602543
Place(5C023),30888,575861
Place(3C051),211309,4488830
Place(5A096),373,4943
Place(4F0E2),66,726
Place(4A0A1),12358,184026
Place(6F080),1404,20617
Place(3E022),127579,2630864
Place(4G083),77539,1498571
Place(2B070),126529,2363453
Place(4G0B1),353,3196
Place(2F071),125386,2383478
Place(6A061),286081,6521481
Place(1C011),56100,1162507
Place(4C050),305471,6467220
Place(1F053),23248,395046
Place(6E040),474178,10987399
Place(2G0B0),220448,4152822
Place(0A052),17728,299085
Place(5C050),118710,2407054
Place(1B0A3),767,8339
Place(4F051),171999,3520012
Place(3A081),1465,21498
Place(1B021),8017,135463
Place(2E041),198306,4432769
Place(2G095),1959,29080
Place(6G0D0),628,6825
Place(2C090),54812,1139158
Place(4F011),191946,4031946
Place(4A071),75052,1378152
Place(3C023),80517,1610802
Place(4F0E3),302,2987
Place(3C040),210557,4759236
Place(1F023),55179,1035894
Place(2D0B3),274,3053
Place(5D023),61670,1240294
Place(1B093),90997,1932904
Place(2A051),376283,8204322
Place(3F0A2),1856,25737
Place(1F093),27917,570919
Place(1A053),858894,17300254
Place(3A097),258,3511
Place(0E0E3),348,3449
Place(2A092),5058,78065
Place(2E020),167654,3512299
Place(3G013),2420,36525
Place(5B0E1),194,1813
Place(4B0C0),19798,327810
Place(2G051),10418,171481
Place(5F094),1587,27509
Place(6E050),234938,4830605
Place(4G021),8392,135120
Place(3F0A0),667,6370
Place(0F096),334,4451
Place(5E013),66478,1352519
Place(2A0F1),50,432
Place(2G081),82218,1591417
Place(4C060),536530,12272822
Place(5G0A2),2379,25310
Place(3B0D0),897,9122
Place(5F050),13017,234938
Place(0A0A2),825,8819
Place(5D095),20229,358924
Place(3B0F0),12,117
Place(1G092),22853,394154
Place(4C0E0),83,862
Place(0G0A1),653,6775
Place(5B082),41123,778789
Place(4B053),71499,1398884
Place(4B021),251815,5043465
Place(6C011),45665,899131
Place(5A060),922273,18369267
Place(2B013),122226,2482084
Place(3A030),452771,8608548
Place(3C061),589708,13813553
Place(0A083),249200,5707853
Place(5A052),1344,17017
Place(3C0B3),31,315
Place(6B094),412,5430
Place(6G0A0),643,6787
Place(5B070),430232,8376790
Place(5D020),118768,2297851
Place(5E095),55126,1126739
Place(1G0A2),1990,20936
Place(3G020),2624,39460
Place(2G052),15875,264490
Place(4F0E0),22,158
Place(2B051),276832,5844509
Place(3A080),87729,1577408
Place(3D053),100568,2105219
Place(1D071),96891,1730689
Place(4A081),8290,124442
Place(4C0A1),320,3865
Place(6F042),6570,109702
Place(6B096),25624,433674
Place(5B051),41144,719419
Place(5E012),168242,3655778
Place(1B092),9277,159810
Place(3B061),181154,3890930
Place(0C080),24035,426019
Place(1C082),27689,524084
Place(6G081),199315,4414011
Place(6E021),28017,482732
Place(6E012),42603,851344
Place(1F090),1188,19242
Place(5C0B0),311,3301
Place(4E051),177047,3687766
Place(4D094),80778,1759765
Place(1F040),4748,82010
Place(5B0C0),3470,42229
Place(1B023),50801,913552
Place(6E0B3),673,7023
Place(6C080),41171,755237
Place(1A092),475,7093
Place(0D093),23869,408818
Place(0D091),291,3943
Place(1D0A2),546,5210
Place(5E040),61569,1231163
Place(3F012),89271,1701348
Place(4B0A3),281,2809
Place(4A070),49782,842164
Place(3A0F1),331,3259
Place(0C081),23570,499093
Place(2G023),10532,167235
Place(0E011),69824,1357281
Place(0E080),10763,176089
Place(2D095),52699,1118771
Place(4C091),19106,388641
Place(3F043),95372,2043144
Place(5F020),73970,1379333
Place(5A0E0),830,7777
Place(6G0E2),486,5231
Place(5E053),67108,1289811
Place(0E041),23175,417229
Place(0D090),554,7840
Place(1F083),143934,3003231
Place(1F013),105245,2039949
Place(1B090),8040,133640
Place(4F0A1),253,2544
Place(0E022),274863,5759925
Place(3G0D0),633723,12643740
Place(5C0E0),141,1267
Place(1F041),68431,1272860
Place(5A043),1322452,28999669
Place(4A093),105372,2264091
Place(4F071),197528,3937806
Place(2F023),93491,1882080
Place(0B092),22441,382056
Place(0E0D0),1096,11365
Place(5F095),12631,232527
Place(5F083),82093,1684259
Place(6G050),17669,294768
Place(3E0E1),5500,93727
Place(6F082),1947,30531
Place(2B0A2),1727,21912
Place(0F040),5469,83309
Place(3F031),359645,7837746
Place(6A096),4943,91043
Place(6E083),28813,608715
Place(4B0B2),654,7208
Place(6E090),218252,5000944
Place(1B012),106361,2081432
Place(0E012),506088,11830972
Place(2A093),98737,2158143
Place(4F0E1),347,3628
Place(6A060),302386,6750689
Place(1A0A1),3216,34811
Place(3E0C0),17590,300651
Place(5G092),20618,343285
Place(2G041),18220,314676
Place(1A041),2123,30468
Place(4A013),458092,10488012
Place(4C041),280810,6297770
Place(2E0B3),193,2141
Place(3D090),59895,1277801
Place(3D080),118245,2600258
Place(0B094),19508,328661
Place(1D012),22834,428422
Place(0G052),635147,14061930
Place(5C0B2),318,3456
Place(2A0E2),364,3520
Place(2B053),53378,1074484
Place(2B0E3),223,2132
Place(1C0F1),29,229
Place(2D0A2),152,1548
Place(4D0F1),5480,106426
Place(1A090),28472,478336
Place(5B020),54122,980799
Place(0D051),7244,115592
Place(4G052),14823,237984
Place(4F097),9110,175226
Place(1F022),61236,1178849
Place(6A0B3),1821,21297
Place(3B022),131374,2677404
Place(5E0A0),504,5173
Place(0E060),136904,2648805
Place(3D0E1),74,712
Place(5F031),393851,8182154
Place(0A080),161260,3642933
Place(1B0E3),363,3361
Place(6A0E0),236,2344
Place(5A042),4278,64875
Place(0D050),114177,2032988
Place(4E083),150086,3272386
Place(3C050),101957,2123116
Place(0C092),485686,11500266
Place(4B012),150448,3153084
Place(4A041),98766,2008682
Place(6A094),44787,908060
Place(0A090),10479,188466
Place(0A010),49490,978060
Place(5C0F1),73,731
Place(4B0E1),1302,15813
Place(5A0A1),25895,360657
Place(3G0B3),6875,81208
Place(6C042),50009,984698
Place(5D090),2277,37681
Place(0E050),719954,16474585
Place(4E0B3),12119,197196
Place(6F0F0),480,5108
Place(1B0C0),1076,11264
Place(4D0E3),140,1577
Place(5A091),564,8045
Place(6A042),18617,315607
Place(5G013),7958,130490
Place(3C042),458263,10677803
Place(2A095),7261,141929
Place(5E030),121302,2473536
Place(5F040),27213,525036
Place(3F0F1),72,672
Place(4B020),35097,639996
Place(1F0C0),44537,764901
Place(5D0A1),605,6281
Place(5E010),92679,2001920
Place(2A083),10492,168356
Place(6G051),198166,4210658
Place(5D040),124251,2443645
Place(3A092),593,8496
Place(6B021),98281,1786207
Place(0G010),22315,374791
Place(1C043),140073,2908787
Place(5B050),68104,1244292
Place(2G096),132035,2655285
Place(5F093),608,9552
Place(5F096),373634,8127364
Place(2B090),3654,63100
Place(4G093),2210,32891
Place(2A090),443451,10352801
Place(3B096),40177,836248
Place(1E052),89400,1766390
Place(4E093),135004,2947663
Place(0B080),1720,24054
Place(3B0E3),1082,16213
Place(4B090),9344,166948
Place(0F031),1495866,32055932
Place(0E082),29317,528219
Place(0D080),3606,57528
Place(3C020),358401,7655463
Place(0C050),109556,2152613
Place(2A023),14145,234443
Place(0A011),20234,345011
Place(2C042),411843,9384100
Place(5F0B3),276,2725
Place(6E031),58725,1265403
Place(2C0D0),336,3535
Place(4G0E2),174,1527
Place(1C061),673362,15231552
Place(6A0B2),1088,12698
Place(6G080),101123,2258955
Place(4G092),872665,20788342
Place(4C022),87478,1782889
Place(5G010),3614,52991
Place(4C080),194061,4253703
Place(4E060),417321,9437450
Place(1G061),5446,76220
Place(1F0E1),1204,12637
Place(4F0F1),82,816
Place(4D0E1),172,1726
Place(2E060),452337,10277943
Place(4G090),2195,33079
Place(2C0E3),410,4983
Place(5E052),288902,5971044
Place(3C011),204976,4573651
Place(3C097),65875,1419026
Place(5C0C0),15406,263705
Place(1C0C0),644,7265
Place(0B022),59211,993777
Place(3A0A2),3135,33839
Place(5D0A2),931,9726
Place(2C0A3),62,614
Place(6D042),2319,35116
Place(4G041),158530,3389146
Place(4C0F1),9,65
Place(2G030),40934,832117
Place(6A021),889406,20696888
Place(2F051),67131,1305808
Place(6G092),7041,133368
Place(3E071),312607,6394422
Place(6F070),89931,1478163
Place(2B0E1),230,2218
Place(6A0A1),511,5043
Place(5E041),247259,5260606
Place(4A095),655138,15932744
Place(1C0B1),117,1005
Place(5D050),93706,1756896
Place(6G0A2),4329,58079
Place(3D041),218395,4952305
Place(6G0E3),250,2354
Place(4B0B3),4306,60936
Place(5C053),73580,1387753
Place(2G0B2),85426,1509481
Place(2C050),420407,9127170
Place(3D096),13110,260603
Place(2D093),11267,206801
Place(0F030),4521,61108
Place(4C0A3),111,1114
Place(0F080),950,12293
Place(5E082),37139,688629
Place(2E092),20245,411401
Place(4B042),83538,1727793
Place(6A0A0),6056,81362
Place(5E0A1),12022,185093
Place(6E051),38621,687559
Place(1E091),4146,71341
Place(3C091),63378,1404270
Place(4E023),557333,12318872
Place(1E050),247820,5211835
Place(3B051),42399,804563
Place(6F0B0),3653,39837
Place(4E0B2),116,1145
Place(4F013),65345,1366857
Place(2A081),32924,593742
Place(1F0F0),14618,261999
Place(2E0B0),93,857
Place(3F010),201653,4532944
Place(1G013),4838,76948
Place(6B0D0),144882,2506639
Place(5C091),5300,94262
Place(2C081),245275,5444345
Place(3A022),2203,30189
Place(5B090),489248,10603488
Place(4E095),25313,513638
Place(4G0E0),749,7942
Place(3C070),244259,4964189
Place(2F0E2),98,842
Place(3F096),11389,208659
Place(5A0F0),235,2171
Place(1D083),8015,147052
Place(6B0B2),2423,25903
Place(2F0B0),638,6848
Place(4A012),54363,1040867
Place(5B091),2987,49496
Place(5B031),491556,10207259
Place(6E020),25259,460799
Place(6C022),13151,233887
Place(0B041),6651,104676
Place(2E081),127453,2811381
Place(3F042),13753,255954
Place(0C023),17210,294010
Place(1D040),98391,2101334
Place(3B050),15829,268918
Place(3D0E3),4,9
Place(3B091),32259,637581
Place(4A091),11262,212223
Place(3F022),37266,644691
Place(2D0A1),166,1706
Place(2C071),304867,6263539
Place(3B0B1),1043,10523
Place(4D096),16740,330542
Place(6E010),41711,805526
Place(4C043),239011,5314439
Place(0A023),381259,9013032
Place(5D0E2),105,892
Place(5E022),52219,1010961
Place(1D093),8269,137185
Place(4A097),3137,49773
Place(4E0A1),3217,48975
Place(2F0A1),339,3363
Place(6E081),44642,972939
Place(2B043),30949,606374
Place(4B0A0),745,7925
Place(4D013),199346,4486147
Place(4F031),304910,6474071
Place(5B042),17202,331627
Place(1C0B2),260,2412
Place(4G0A3),489,4863
Place(3D0D0),44,408
Place(2G083),10970,171155
Place(3C041),220445,5011697
Place(2E0D0),16373,274709
Place(1D021),139341,2866521
Place(0G011),125099,2668000
Place(5A081),2288,34414
Place(4D0F0),1,1
Place(3A091),516,7213
Place(2C092),17925,351798
Place(2F061),198571,4295648
Place(6C0D0),588,6076
Place(6C012),11399,191185
Place(2F021),165205,3349041
Place(5B083),27167,528988
Place(6B010),1026408,22560763
Place(3F050),217298,4569804
Place(4B080),130463,2744805
Place(5E093),2199,37740
Place(5F051),174523,3413280
Place(2C060),443021,10006296
Place(0F023),59019,967016
Place(0C083),71977,1555647
Place(2A061),67608,1191719
Place(1C053),59244,1119919
Place(1E0B0),231,2256
Place(5D060),180935,3818706
Place(4C052),319668,7032799
Place(5A094),46457,831596
Place(2E022),91737,1890813
Place(6G043),20791,343009
Place(4F023),363839,7768211
Place(4C0A2),12785,207582
Place(1F097),7819,145415
Place(6G030),406270,9662419
Place(2D0B0),156,1665
Place(2E0E3),16340,294552
Place(3G094),560,7747
Place(6F0A3),2620,28255
Place(0G013),101474,2318763
Place(4D081),103073,2197540
Place(1G053),125375,2258122
Place(5C022),32981,642450
Place(3B081),54452,1133952
Place(2C0F1),6,48
Place(3F081),9122,173350
Place(2F070),172796,3341035
Place(1D052),172484,3321672
Place(6D0A2),1887,19368
Place(1B0E1),147,1230
Place(5G070),165217,2866926
Place(1E012),257098,5606403
Place(4A011),16277,284328
Place(5G081),806,10047
Place(1B043),484563,10518505
Place(4C0C0),181,1911
Place(0A096),3839,59473
Place(4A094),291831,6788731
Place(5C0A1),341,3587
Place(0G093),8610,169440
Place(2D011),436325,10165306
Place(2B030),528857,11761791
Place(5D0E3),2873,44397
Place(6D050),197916,3783121
Place(6B022),50460,840669
Place(2C023),59241,1185320
Place(6C093),6237,105948
Place(6G095),65030,1424335
Place(3D0F1),2,8
Place(1E0C0),565,5836
Place(6B0E3),1074,10753
Place(2C010),382311,8708709
Place(6D051),143006,2631581
Place(3A041),3152,50156
Place(0G0A2),1032,11377
Place(2E051),116940,2416154
Place(0F0D0),33732,496645
Place(5B096),15506,273695
Place(3G040),2925,46921
Place(1C095),37375,748212
Place(2C091),87317,1945900
Place(3F0A1),75,678
Place(0G0E2),558,5769
Place(1B053),90819,1711996
Place(2F093),124011,2650877
Place(6A082),433604,10040100
Place(3B090),2867,47095
Place(0E0A2),404,3855
Place(4C021),105463,2170097
Place(5D0E0),283,2647
Place(0G0E1),418,4269
Place(4G060),74049,1629350
Place(3E0E0),7223,125399
Place(4A0A3),343,3067
Place(0G020),39331,685424
Place(6F0B1),18096,261680
Place(2A0A1),443,4264
Place(3D0B0),64,653
Place(1D041),103524,2224324
Place(2A050),14246,236372
Place(1B080),91764,1956043
Place(3E090),70425,1544315
Place(5A0A0),6172,73844
Place(5C0A3),321,3361
Place(3A093),86402,1658362
Place(3A023),155223,2864513
Place(6G0E0),239,2261
Place(2E093),56124,1188096
Place(2E010),318874,7183849
Place(4E041),153864,3365602
Place(0E097),281097,6534986
Place(3E053),255161,5504254
Place(3E096),8832,179136
Place(6C0A1),3809,53793
Place(0B090),334,4658
Place(0C0E3),137,1191
Place(5B041),15249,275401
Place(2C0B1),175,1823
Place(2D081),84462,1761108
Place(5B071),18053,302586
Place(4G0F0),130,1260
Place(5B0B2),1883,20812
Place(5B023),7859,134772
Place(6E013),15376,257738
Place(0A060),280836,6294962
Place(1C030),131569,2722086
Place(1F0B1),227,2256
Place(1D042),119453,2349453
Place(4E010),117412,2597978
Place(5B0E3),1269,13606
Place(2E0E1),74,823
Place(0D0E2),1783,17694
Place(2E053),168115,3547516
Place(3B021),139583,2705001
Place(3F0E3),1331,14031
Place(4C0B2),92,967
Place(1E022),218668,4512305
Place(4B092),4158,73933
Place(3D095),104750,2307121
Place(5E061),322504,7006682
Place(5E0F0),54,576
Place(3D097),111302,2500586
Place(6C060),116204,2210399
Place(3F097),8522,137230
Place(1C013),91912,1854398
Place(1C096),2132,38117
Place(4E0A2),117,1251
Place(4E082),195223,4449719
Place(4C0B1),117,1167
Place(0A0C0),3266,40510
Place(4B023),80870,1579240
Place(5E096),7508,134099
Place(3D071),452143,9553442
Place(2F0F0),23612,467329
Place(3C093),6949,128254
Place(5F071),23162,398717
Place(5B021),17926,298781
Place(1F030),102069,2083190
Place(1B031),421634,8652955
Place(3D0C0),16983,290910
Place(0G050),21010,355659
Place(2F097),4709,82290
Place(2C043),104859,2272180
Place(5E0B0),1567,18802
Place(3B040),29164,563746
Place(4D040),273523,6163813
Place(4G0E3),347,3301
Place(4G070),144162,2772823
Place(4D030),552353,12998965
Place(2D090),92167,2013200
Place(1G081),8807,170716
Place(5E0E1),174,1789
Place(6A051),439863,10058935
Place(6D023),3926,64798
Place(5D012),51188,1071186
Place(5G0A1),16861,231652
Place(5A0A3),2302,24430
Place(4E011),94311,2020240
Place(1D082),46222,967240
Place(3G097),31185,520405
Place(6D030),12709,215658
Place(4G013),171866,3597592
Place(4E081),81869,1798615
Place(5G0F0),122,1089
Place(4C061),468243,10712654
Place(5C082),22619,412424
Place(6B053),4773,73966
Place(1B010),8572,153846
Place(6D093),277,3974
Place(1C094),8154,142554
Place(5G083),3767,60526
Place(2A053),96828,2028592
Place(5B0A3),59067,978932
Place(5F091),60108,1238498
Place(2B082),104612,2201871
Place(2E042),65706,1372335
Place(5D0E1),276,2612
Place(3C060),492450,11300619
Place(5D071),104207,1870237
Place(3C0F0),13,111
Place(5C096),4574,78052
Place(3B013),242186,5036753
Place(1F011),71699,1474896
Place(3A071),61504,974987
Place(6G042),338416,7525751
Place(0A0A0),1098,12130
Place(1E010),27343,541970
Place(1D030),216167,4705427
Place(6G093),6010,96499
Place(3C043),93828,2039167
Place(4F010),82553,1642485
Place(0B023),56209,927887
Place(6A013),69121,1384994
Place(4D023),513754,11292742
Place(5B0A0),689,6935
Place(3G022),3110808,69904553
Place(0E081),69278,1537734
Place(3F092),2408,40149
Place(3C012),112922,2488479
Place(3F0E1),2004,32490
Place(3C0E1),79,713
Place(3F0B0),239,2427
Place(6E0F1),22,168
Place(3B0F1),235,2539
Place(1C080),21977,393678
Place(1C042),47620,956976
Place(1E040),72780,1493500
Place(4G040),28480,508275
Place(4B081),17208,309107
Place(0B011),2028,27771
Place(1C0E2),161,1582
Place(6E023),14255,221823
Place(3G030),242991,4286229
Place(3E023),112737,2307213
Place(1B061),239367,5152147
Place(1D031),167745,3491930
Place(4A080),49530,1056865
Place(2E052),72790,1463134
Place(4E0A3),5277,84699
Place(3B092),41107,838656
Place(6F021),87893,1552081
Place(3G090),502,6922
Place(6E0A3),565,6003
Place(6A0A2),1013,11364
Place(2A0C0),479,4514
Place(2D0A0),17350,296270
Place(5F0A2),786,7892
Place(0B096),489,6643
Place(3C082),124302,2726784
Place(5F0F1),56,612
Place(5C042),78284,1578476
Place(3B052),184501,3824070
Place(5D080),66381,1394015
Place(5C083),122665,2660685
Place(5G090),430,5884
Place(6E060),104494,1929879
Place(1E043),180681,3981300
Place(1D070),62613,1145920
Place(6G061),655357,14812065
Place(0G0E3),1131,12650
Place(3F0B2),641,6296
Place(1B0B1),297,3374
Place(1E0B1),2028,25650
Place(5C0A2),224,2337
Place(1E042),174283,3581688
Place(2B021),291421,6037436
Place(6G031),78373,1556300
Place(1F0E2),277,2544
Place(0B0A1),2557,28321
Place(6C021),86604,1569820
Place(1F0E0),787,8138
Place(3F0F0),1,2
Place(4F092),6235,108934
Place(6A023),18771,312103
Place(3F053),18511,331118
Place(2G020),38621,688794
Place(6E041),304761,6846196
Place(2F012),98197,2040076
Place(6C052),484665,10882943
Place(0A040),258396,5728101
Place(0G040),22479,381232
Place(2G012),21910,373306
Place(5D070),24609,429153
Place(4G051),92210,1842140
Place(4C053),165565,3438181
Place(3E012),111980,2411336
Place(0E0F0),184,2030
Place(0B0B0),5160,60010
Place(5E0E2),81,808
Place(0F095),687,9168
Place(2B022),66548,1248940
Place(0A0A1),1799,21122
Place(3D083),191224,4297693
Place(3B0A0),140,1333
Place(4D0B0),233,2615
Place(0C020),233057,4995390
Place(1F091),1899,29250
Place(3G012),799323,16687330
Place(5F081),162746,3330149
Place(4F093),2105,37761
Place(0B0B3),4009,45178
Place(4A023),346577,7371452
Place(4F050),35230,667348
Place(1B060),544846,11311780
Place(4F020),53322,1007028
Place(6C061),101741,2201903
Place(6A050),306657,7121687
Place(0E0A1),479,4871
Place(2B083),40774,775800
Place(3D0B2),12431,207194
Place(2D0C0),10592,175809
Place(0B040),8328,135497
Place(2B097),17259,325049
Place(0F083),494453,10452179
Place(5E094),2325,40143
Place(2D0E3),10,54
Place(6D052),99570,1749845
Place(3E095),65619,1429620
Place(0A097),65278,1432272
Place(6G070),251486,5287707
Place(2F092),8930,159095
Place(5B030),84397,1722853
Place(6B092),422,5694
Place(6D0E1),1018,9653
Place(6D040),502314,10705528
Place(1F051),60875,1119860
Place(3F0A3),189,1897
Place(1D060),232699,5053179
Place(1G051),53940,905271
Place(0F0B3),2804,30041
Place(5A053),436082,8687588
Place(5F053),67529,1259975
Place(2E031),592004,13637016
Place(2B023),156290,3150421
Place(3C013),369877,8357639
Place(6G071),555134,12075506
Place(0D011),7262,121865
Place(0C093),157832,3740380
Place(2B060),320431,7074556
Place(6C082),8727,137603
Place(0D030),11158,183967
Place(2C030),468661,10839292
Place(0C030),55965,979136
Place(0D071),56032,860514
Place(3B020),75237,1396943
Place(5A0B2),2202,23508
Place(6E0E1),181,1456
Place(4C013),305819,6868543
Place(4E030),628954,14694362
Place(0F090),611,8410
Place(5E0D0),257,2502
Place(6A022),18284,307251
Place(4E061),438844,10074668
Place(2B096),36250,736181
Place(0D060),17938,319872
Place(6A080),62073,1330624
Place(1F080),28990,508548
Place(2C051),103976,2172357
Place(1A0E3),2133,22619
Place(4G012),1564525,36813857
Place(6F060),9632,158254
Place(2F096),34792,680816
Place(2A0B2),2118,25773
Place(5C070),86258,1555202
Place(3D0B3),9979,163868
Place(3G050),2731,41977
Place(0G023),363085,8624864
Place(5G042),86621,1502556
Place(6F053),6669,109888
Place(2D0E2),53,423
Place(5B081),39305,732284
Place(5A041),2054,28373
Place(2E080),203287,4418513
Place(0C042),1150688,27374053
Place(4G022),32736,584255
Place(5F092),10181,175513
Place(2D023),52539,1083096
Place(1D092),47132,955052
Place(2F030),409951,9027474
Place(2C013),124509,2636151
Place(5G0C0),31428,453286
Place(6G052),791648,18232401
Place(3G0E3),1157,11112
Place(4F094),13128,248067
Place(3D0B1),8480,138167
Place(1D0B0),3,3
Place(2G053),116098,2306122
Place(2C094),3998,68985
Place(5D096),2550,41278
Place(2B040),134746,2881496
Place(5D052),247327,4947245
Place(2G080),25710,534425
Place(0A082),168339,3870558
Place(2E082),209271,4735940
Place(6B043),3621,54718
Place(5G031),20602,375914
Place(4A0F0),44,368
Place(0D096),324,4431
Place(1D0F0),34,274
Place(3F030),471641,9678358
Place(0G041),185782,3926483
Place(6F096),22885,386432
Place(4F061),302283,6563628
Place(2A070),98117,1769649
Place(0G0F1),1436,20594
Place(6E0E2),313,3010
Place(1E070),153185,2910038
Place(1D0E2),453,4212
Place(5C041),140070,2943390
Place(6A020),159950,3358059
Place(6E0A2),365,3532
Place(2A0B0),24155,375562
Place(3E093),27647,580264
Place(1A094),26838,476665
Place(5G0B0),2501,27269
Place(6B060),8706,143353
Place(2A030),77708,1613839
Place(4A0A0),638,6511
Place(5B0A2),345,3513
Place(5A012),8789,147035
Place(5E050),104849,2039658
Place(1E0F1),50,516
Place(1F060),256884,5024990
Place(0A0E2),61,544
Place(2G022),2075637,47437291
Place(5F082),81290,1690647
Place(3F0C0),168,1811
Place(6A097),6385,101007
Place(6F092),313,3971
Place(6D0E0),973,9360
Place(6D043),2807,45551
Place(5G096),26535,461523
Place(6F020),127013,2309007
Place(0C0B1),3721,46452
Place(3E030),586127,13306632
Place(0F092),24382,411999
Place(0G095),5751,91549
Place(4A083),39641,738673
Place(0B0D0),6769,78272
Place(2C053),88387,1796534
Place(1F012),660357,15258670
Place(0E0B1),491,4858
Place(0F0E0),4388,51351
Place(2D0E1),24,217
Place(3G083),2572,39021
Place(0F094),27180,461520
Place(3C092),74806,1635631
Place(4D011),164281,3623463
Place(2F094),64126,1318996
Place(0A042),148512,3209532
Place(3D0E2),1,0
Place(4A0B3),1935,22813
Place(4F0B3),401,4115
Place(0C051),18694,307079
Place(0B0E0),1891,19715
Place(5B040),138755,2741340
Place(4D0D0),84,838
Place(5B097),9382,179719
Place(0G090),4101,64180
Place(5D031),142427,2944556
Place(0E031),78624,1688340
Place(4A050),24188,425806
Place(6F030),6261,93051
Place(1F096),5835,94481
Place(5E0B1),182,1751
Place(5D097),10240,193598
Place(0C0A1),664,6971
Place(5C0F0),48,459
Place(6E052),139695,2962351
Place(0E0C0),889,9428
Place(4A0F1),54,476
Place(4C082),90313,1923760
Place(2B012),77714,1606197
Place(5F0B2),3194,39980
Place(2A0B1),6896,96440
Place(4A040),1056453,25177151
Place(2F0B2),598,6266
Place(3G0B2),2307,25009
Place(1G0F0),611,6900
Place(1C052),381473,8052438
Place(6E0C0),833,8884
Place(2F020),204727,4271542
Place(0C0A3),2803,35424
Place(4G031),219949,4283531
Place(6F013),1838,24566
Place(6A052),13147,218611
Place(3F061),265899,5928081
Place(6F043),5680,91999
Place(0F060),11004,169394
Place(0C0E0),93,756
Place(0C097),72477,1524937
Place(0E013),240701,5127680
Place(0A0B1),726,7927
Place(4F0B0),2896,37119
Place(1C081),195127,4270505
Place(0A031),156051,3267615
Place(3E091),40956,836145
Place(4G096),5115,88586
Place(0A041),22939,389805
Place(2F013),337921,7430840
Place(0E040),67709,1407720
Place(3E060),333317,7588695
Place(3D070),411695,8697160
Place(0D0B1),2334,24459
Place(0D042),134178,2528282
Place(0G0A0),8015,113993
Place(5D011),11056,196998
Place(3B0A3),162,1545
Place(4D071),392856,8102567
Place(4B061),170355,3507369
Place(3C010),110319,2322796
Place(1F094),7804,131374
Place(1B020),27997,490215
Place(4A0D0),2367,28132
Place(0C012),195493,4143769
Place(1B051),56768,1034919
Place(2A042),23223,427111
Place(4B011),123087,2519080
Place(0C013),393016,9567710
Place(3D0A2),42,419
Place(3G021),58669,994531
Place(2G0B1),795,8382
Place(5B0B3),374,3879
Place(5C052),198066,4043110
Place(1D097),16515,286436
Place(6E071),54298,960402
Place(1D0B3),432,4524
Place(0E0A0),1565,17708
Place(6A0E3),911,10200
Place(1G094),526,7783
Place(6E0F0),19,119
Place(0D043),768348,15962231
Place(2G0A3),2619,33660
Place(2B0A1),315,2957
Place(6B097),991,14087
Place(0A0D0),2291,27567
Place(4E0E2),7,27
Place(0F020),243463,4664121
Place(5B012),21580,418148
Place(4A022),12670,195554
Place(3E080),177834,3926913
Place(4B096),24633,465449
Place(3B011),77625,1605432
Place(5B022),117809,2230881
Place(3F0E2),2252,38346
Place(4E070),184277,3658326
Place(4D0B2),220,2525
Place(4C083),151888,3314598
Place(5A070),82928,1357421
Place(4A052),14205,225446
Place(1E095),11839,224153
Place(3F094),70430,1512950
Place(6B012),2303,31695
Place(6C043),15211,261453
Place(5C090),10233,184344
Place(4D053),421690,9310747
Place(2D080),165066,3665484
Place(1C021),37187,693993
Place(6F0D0),4539,50836
Place(0D021),4586,73261
Place(1D0B1),429,3946
Place(2B0A3),895,10181
Place(0G0D0),847,9196
Place(1C070),96519,1771089
Place(6A0F1),385,4427
Place(5D094),2024,37082
Place(1A070),182869,3263505
Place(0F021),1156,14249
Place(6C0B1),344,3315
Place(4D0B3),338,3723
Place(5G0E2),3535,39317
Place(3C052),511643,11367102
Place(0C094),9255,171875
Place(3C030),457296,10200576
Place(2D022),372350,8103757
Place(4D0A3),180,1964
Place(4D090),9526,182539
Place(6F0E2),1190,11594
Place(4C0E1),5641,93335
Place(1D090),31712,707485
Place(6B023),1481,19119
Place(1G0C0),2468,26185
Place(5D010),45169,868983
Place(2A043),161315,3597817
Place(2C0A1),157,1604
Place(0C0F0),36,313
Place(1E0F0),110,1241
Place(2B0F1),10,66
Place(5F0D0),651,6510
Place(3E0F1),54,594
Place(2C012),100515,2217036
Place(0G0B0),726,7640
Place(2B095),7921,142523
Place(5A090),17769,294180
Place(1G095),803,11702
Place(5E0A3),748,8781
Place(4B030),361317,7826277
Place(5E031),286279,6287215
Place(3C095),41085,830741
Place(6G094),3175,48920
Place(2G0E3),369,3713
Place(0B082),1381,19056
Place(6E093),2458,37157
Place(2C082),169087,3741203
Place(2B0E0),72,623
Place(2G021),89421,1697953
Place(4B031),226731,4692295
Place(6C0B0),4570,58433
Place(1D0C0),390,3849
Place(0G0B3),13322,198736
Place(6G090),5606,95123
Place(2D012),107778,2370231
Place(1B0B3),476,4475
Place(1C060),404210,8541494
Place(1E013),88083,1775141
Place(3E0E3),31,282
Place(2B081),51921,1052604
Place(4G0A2),494,4783
Place(2D013),106584,2283769
Place(4B082),186837,4016668
Place(6C092),7361,135976
Place(5D0F1),75,694
Place(5C0E1),113,1115
Place(1A022),5498,83736
Place(6E095),6490,109952
Place(2F0D0),483,4885
Place(6B093),485,6745
Place(0E010),17534,303087
Place(1G031),60976,1197243
Place(0A081),13637,262645
Place(6G040),22326,427134
Place(1G010),43315,914163
Place(3D043),450605,10629179
Place(2A0E1),390,3716
Place(2D071),369489,7610519
Place(3F041),28674,543350
Place(2E0A0),6952,114530
Place(2D0B2),114,1172
Place(2D060),432270,10096157
Place(6E0A0),1005,11244
Place(4C0B0),682,8639
Place(0G0E0),277,2810
Place(3C0E0),5478,89481
Place(2G050),9303,140967
Place(3B053),60905,1186095
Place(1C031),313951,6762357
Place(4C042),339958,7866969
Place(6C0E1),621,6343
Place(3E0B2),210,2311
Place(4E040),168581,3760509
Place(2F052),44551,815150
Place(3A0D0),49773,783900
Place(4F0A2),296,3002
Place(6B0F0),22992,413698
Place(4B0B0),390,4116
Place(1E0E0),185,1721
Place(5E051),30997,565694
Place(2B093),26932,522595
Place(2F080),53060,1058801
Place(4E053),83660,1708898
Place(1F043),27823,577844
Place(4E042),82986,1799286
Place(3D0A3),34,300
Place(1F070),605973,11892404
Place(0A0E0),313,3108
Place(6F0E3),1156,11774
Place(5E011),67743,1412323
Place(4F0A3),370,3770
Place(6E080),10792,173427
Place(1E094),47539,963989
Place(6C040),152401,3218633
Place(1B013),50340,952258
Place(5F023),31812,613444
Place(6E091),376339,8947291
Place(6D0A0),2472,25304
Place(4A043),127560,2670138
Place(6E042),20101,370579
Place(0B0E1),1617,17066
Place(4E0D0),6779,110002
Place(1E0A1),12792,201820
Place(4G0B3),24934,406141
Place(4D0A0),158,1632
Place(0F091),2793,43095
Place(3F082),23201,407870
Place(4A090),3441,64063
Place(4A0E2),163,1463
Place(2D030),569721,13418858
Place(3A095),20959,348006
Place(4A0A2),605,6422
Place(2E070),259199,5230587
Place(1E071),71558,1354580
Place(0A095),32084,648422
Place(3A020),423088,8044864
Place(5F090),7167,118701
Place(0C061),87344,1827232
Place(1F020),85557,1653724
Place(3D0A1),21,212
Place(1E0E3),143,1268
Place(4B0B1),718,7909
Place(1D010),87955,1818873
Place(6A0E1),273,2600
Place(1E053),117300,2272686
Place(6F094),569,7961
Place(6C0F1),25,219
Place(0C090),10281,177064
Place(6F081),198513,3958209
Place(2B061),256144,5530315
Place(3D091),47530,1009695
Place(0G051),22611,380024
Place(2G097),87369,1813849
Place(1B0B0),450,4353
Place(4E0F0),146,1757
Place(2F040),76431,1583245
Place(3E010),111583,2465333
Place(6C0E2),579,5963
Place(3A013),1530295,33024801
Place(2G0D0),270698,5303960
Place(1A012),5610,90230
Place(3B0B2),185,1764
Place(2E097),5977,110869
Place(0G031),353286,7634221
Place(4B070),197160,3779384
Place(3E0A2),75,705
Place(6E043),54161,1048172
Place(1E0D0),492,5052
Place(6C081),59405,1294235
Place(3C0C0),78,702
Place(1B042),24291,461910
Place(5C081),108481,2269546
Place(5E097),9143,165780
Place(5B010),151369,3014111
Place(0D097),21862,365620
Place(2G061),47251,787824
Place(5C030),190436,3932367
Place(3C053),110364,2326071
Place(1G083),1680,23420
Place(3B010),72655,1390460
Place(3D030),505914,11853691
Place(4G0F1),33,310
Place(5G043),1706,22571
Place(1C012),121060,2546182
Place(2C0C0),25464,453485
Place(2G082),13228,268964
Place(4G050),10233,145872
Place(3F080),30656,599886
Place(0C0C0),1104,12235
Place(0G082),12746,235897
Place(6E0E0),208,1994
Place(0E0B3),560,5564
Place(0C053),30420,540563
Place(2A0F0),25,165
Place(1F021),14035,248140
Place(4C094),25559,521238
Place(4F0B1),295,2955
Place(3G061),11467,196319
Place(2F043),286824,6536157
Place(4G011),12551,217159
Place(3E043),174258,3937084
Place(0E0E0),287,2876
Place(5F070),375490,7297348
Place(2F0E1),128,1215
Place(1D0A0),457,4390
Place(4D097),153527,3439433
Place(2A071),36455,626829
Place(5E071),71630,1319008
Place(3E051),84150,1743875
Place(2A052),11042,168608
Place(1B0E0),1414,15352
Place(5F052),40090,707778
Place(1B041),6594,123661
Place(1G0A3),1322303,26580971
Place(4E052),79276,1584966
Place(2B0B3),11056,170090
Place(0G071),676630,14431562
Place(0C0B3),394,4025
Place(5F0C0),858,8848
Place(2C0E2),56,507
Place(3G011),150506,2785092
Place(1C023),17370,300478
Place(1C0A1),572,6201
Place(3C094),4633,85768
Place(4A082),57132,1221325
Place(1G041),99903,1838022
Place(0D0A0),2532,26455
Place(0F0A1),25399,358292
Place(0G0A3),624,6355
Place(2B020),49659,911413
Place(0E0B0),376,3525
Place(5F0E3),1487,17072
Place(2D020),49413,983521
Place(5D051),44064,771030
Place(2D092),14900,294762
Place(3F090),35305,752729
Place(4C051),70778,1425994
Place(1D020),9809,168216
Place(1C020),36731,696580
Place(1E083),90746,1910437
Place(4E0E1),80,831
Place(5B095),3122,50073
Place(3E094),113761,2523774
Place(0E083),42521,910197
Place(0C0E1),316,3360
Place(3B031),236557,5072336
Place(2C031),407772,9144727
Place(1A043),216505,4182824
Place(0C043),169332,3492503
Place(3F0B1),684,6463
Place(2E0A1),8009,130702
Place(3E0A3),223,2939
Place(2C022),107560,2268804
Place(4A096),2599,40329
Place(4B071),62864,1111321
Place(4A0E1),639,7151
Place(3G082),46878,780510
Place(3B060),258664,5564283
Place(3D023),132113,2785540
Place(6G0B2),426,4365
Place(0F082),1353,22166
Place(1A091),2733,41990
Place(5D083),109923,2195788
Place(0G030),246298,5655853
Place(0B030),5658,81166
Place(0A0F0),86,853
Place(3F021),46047,814257
Place(2F0B3),729,8386
Place(3G031),77173,1519283
Place(4B083),43516,843222
Place(2E0C0),13703,233783
Place(5E070),99749,1813753
Place(4E013),452332,10327532
Place(5A031),15472,259625
Place(1F0A2),7771,108466
Place(1F0D0),1242,13065
Place(0D081),57753,1001283
Place(2B094),18282,342802
Place(4D082),282155,6497849
Place(5B053),128401,2463116
Place(0A071),405538,8780692
Place(1A083),2751,42132
Place(6G0F1),116,1094
Place(1A096),590,8156
Place(5F022),37897,681849
Place(2C0E0),18,139
Place(0F041),5664,88587
Place(3D061),626262,14656537
Place(3C0D0),232,2455
Place(4G053),15332,267783
Place(1C0A0),291,2899
Place(1D0E3),289,2619
Place(4C095),6229,113663
Place(5C061),422087,9357339
Place(4D0A2),10103,165640
Place(5B0E2),313,2955
Place(2F0A2),388,3964
Place(5E0A2),207,2043
Place(2G010),49486,923506
Place(4G071),21775,349153
Place(2F010),218788,4757118
Place(5C011),22339,429932
Place(6B0E2),1175,11728
Place(2C070),185998,3712171
Place(4G023),1363705,30883275
Place(4E091),5067,93674
Place(1B091),766,12454
Place(5D053),127981,2550012
Place(0A012),282895,6603108
Place(4B060),490449,10975354
Place(0C096),7100,128675
Place(2E040),104448,2256566
Place(1D0F1),60,534
Place(4F083),17947,332475
Place(6D0A1),32318,477154
Place(4G042),27568,509117
Place(0G080),64170,1410791
Place(2B0A0),1670,20973
Place(0C021),10185,157054
Place(0E023),19061,327060
Place(2G091),2307,36564
Place(4D080),182751,4086750
Place(2F0B1),8792,133437
Place(2F0A0),437,4426
Place(1B0A0),878,9511
Place(2E050),289725,6226079
Place(1E093),4672,80384
Place(6C0A2),493,4667
Place(0E053),30443,530593
Place(5F021),30068,523052
Place(2A0A0),402,3879
Place(5A061),6050,90152
Place(1E0E2),250,2449
Place(6G013),20686,357961
Place(2D070),259287,5287158
Place(5E083),102224,2130583
Place(4E020),134630,2802951
Place(0C0B2),294,2689
Place(2B011),194179,4167992
Place(3D051),115549,2423173
Place(5G0A3),1618,16628
Place(4A0B1),469,4533
Place(5D0B3),1251,12944
Place(4A0B2),6037,83986
Place(6C023),11855,179874
Place(6D0B3),6478,73213
Place(1A050),67193,1127918
Place(4A0E0),1173,13636
Place(5D041),263968,5459476
Place(0C0A0),355,3421
Place(2E0E2),266,3090
Place(6A012),23091,384570
Place(3C080),181436,3974854
Place(6B070),69738,1134301
Place(0E070),60855,1118114
Place(3G043),2070,31593
Place(6C0A0),451,4272
Place(2C083),160445,3544171
Place(0E0B2),514,5441
Place(5C010),90490,1881331
Place(0G043),36609,711598
Place(1E041),59709,1164727
Place(4G020),16814,273672
Place(6C053),15280,239240
Place(0A030),327194,7586363
Place(4C0A0),162,1630
Place(2A0E3),448,4739
Place(5C0E2),85,686
Place(5F0E0),418,4777
Place(4B0D0),4018,55410
Place(1D094),2179,35490
Place(5D0A0),862,8887
Place(0C082),9695,155067
Place(0E030),66406,1156128
Place(2D041),209998,4768330
Place(2C096),38578,817384
Place(2F050),47618,937075
Place(3E081),203305,4616917
Place(6A0A3),4958,68288
Place(6F010),428603,8689109
Place(4F091),14172,267968
Place(1E060),229038,4715229
Place(1G093),617,9278
Place(6B031),480292,9194939
Place(4G091),83947,1773098
Place(1G096),1177051,27235964
Place(4C011),243822,5443220
Place(4C040),65108,1369107
Place(4A042),14085,235189
Place(6E070),50145,864252
Place(1C092),3895,65529
Place(4A030),78765,1676612
Place(4C096),34578,709862
Place(2G0C0),865,9155
Place(2A013),23817,428854
Place(3D012),321403,7459087
Place(4C012),112602,2442974
Place(6E0A1),1072,11475
Place(6B080),1137,15723
Place(3D0E0),5,25
Place(4D0A1),193,2124
Place(1B081),191901,4122876
Place(1C050),231694,4725920
Place(2C0B0),4484,70229
Place(6C041),694642,16922564
Place(1D051),195246,4098030
Place(4F022),76209,1501423
Place(5A0E3),1314,13207
Place(5C0D0),1026,12029
Place(2A094),3687,62561
Place(0D041),3859,62464
Place(0F011),1685,22423
Place(3C0E3),10,92
Place(4E0B0),142,1568
Place(2A0D0),35431,570404
Place(2G031),1805645,40914705
Place(5C093),33999,690493
Place(4E094),105340,2285349
Place(1F0B2),693,7102
Place(4F040),212335,4671095
Place(4D043),357603,8222859
Place(3G091),17410,283603
Place(3G0B1),1861,18799
Place(6D091),36207,625508
Place(6A031),70467,1395842
Place(3A021),60086,991426
Place(0A091),6102,99468
Place(2E0F1),2,8
Place(3D081),212136,4724015
Place(6A043),136343,3022208
Place(5D0B0),230,2356
Place(2C0A0),123,1295
Place(2G094),2866,41275
Place(2D031),320983,7119810
Place(3F091),9088,148043
Place(2E023),107871,2235099
Place(0D052),66546,1116150
Place(4E031),423012,9662862
Place(2D052),260631,5537201
Place(5D0B2),188,1850
Place(5G080),158123,3040650
Place(3F093),54408,1143421
Place(3C081),228937,5135095
Place(2B041),81239,1670065
Place(3G0A0),1881,18834
Place(3A042),2856,47752
Place(1D0E1),66,544
Place(1A081),1726,24286
Place(4F060),232843,4977846
Place(1E023),27451,500059
Place(1A011),7184,120256
Place(2B0B0),380,4052
Place(2A0A3),517,5010
Place(0B0F0),355,3781
Place(4G030),63523,1318529
Place(2D096),27573,573302
Place(4A031),93717,1667036
Place(5F042),152328,3071501
Place(5B080),76210,1637495
Place(4G081),7599,112827
Place(4C092),127115,2776061
Place(2C061),668575,15540864
Place(0C0E2),365,3510
Place(2F091),3290,54183
Place(3E097),15989,314282
Place(4D0E2),3354,54994
Place(4D041),135367,2919495
Place(1A0F0),582,6397
Place(2D083),219355,4924852
Place(4A0B0),714,7377
Place(1F0E3),73,583
Place(1G070),422745,8312347
Place(0A050),526770,11967505
Place(5F041),71376,1356926
Place(3E042),57980,1234285
Place(6C0E0),216,1847
Place(3B095),9497,160842
Place(1F092),902358,19831012
Place(6D095),30024,537797
Place(2C0F0),4,22
Place(0G096),14284,292231
Place(6G097),60496,1286036
Place(5E092),11615,215029
Place(4E043),253541,5747272
Place(6C0B2),548,5181
Place(5B0A1),762,7633
Place(4C090),4003,69421
Place(3A061),14207,250055
Place(2D051),446594,9846522
Place(5B043),129901,2511687
Place(1E011),103214,2198648
Place(2G071),20407,316762
Place(2C040),339102,7760076
Place(2E071),282591,5776844
Place(0G0C0),875,9067
Place(4D083),146972,3148951
Place(5E0E0),142,1243
Place(0A020),229819,4966409
Place(6G0E1),1111,13528
Place(2D021),224780,4853274
Place(5B0F0),167,1584
Place(1C093),5781,101881
Place(2C0A2),492,5748
Place(5C0E3),331,3401
Place(4C031),359603,8186932
Place(2G0F1),93,884
Place(4G095),5213,84040
Place(0F0E1),1060,10465
Place(3G093),274,3852
Place(4D092),49167,1060538
Place(3C0B1),6047,94824
Place(1C071),70930,1357610
Place(2E043),294195,6742527
Place(4E0C0),7754,123055
Place(6E061),76672,1599250
Place(5D0A3),203,2005
Place(2G011),244223,4964383
Place(3B0B3),2974,35656
Place(6G0C0),1161,12561
Place(1E021),16489,284665
Place(4D012),293726,6713816
Place(1C0E3),100,913
Place(2E011),116914,2575413
Place(4B0F1),10,68
Place(4G0C0),1316,13841
Place(1A040),108429,1935525
Place(6E030),99323,1803829
Place(4F095),24878,479696
Place(1B0E2),102,982
Place(4C0E3),40,334
Place(3E0A1),151,1694
Place(4A051),849637,18928041
Place(1E0A2),348,3468
Place(4F080),28089,550169
Place(1F031),687226,14603785
Place(6E011),736576,17797782
Place(2A022),17959,289770
Place(5C092),19567,378624
Place(2E094),24264,490827
Place(1E080),14656,258361
Place(3F0E0),293,2612
Place(5C071),108115,2037327
Place(1B094),1402478,32202305
Place(5F0E2),2364,27262
Place(0F0B2),1889,19533
Place(0C071),30222,507493
Place(6C050),35940,664868
Place(4E021),77603,1599598
Place(3C090),13707,273394
Place(1E0A3),900,10405
Place(3E092),16753,350293
Place(1B070),670874,13297053
Place(2D061),589676,13398670
Place(1B052),62364,1173402
Place(0C0D0),685,7120
Place(3B0E0),258,2564
Place(6A041),133930,2918833
Place(1D053),63811,1157372
Place(0B095),1104,16024
Place(1G090),1758,27541
Place(4B097),29619,597678
Place(6F031),663211,13213967
Place(0G060),102306,2070537
Place(3F020),318013,6772380
Place(0B010),2260,32463
Place(0A0E1),324,3148
Place(1E0A0),312,3289
Place(2F0A3),479,4989
Place(0E0F1),74,606
Place(0E093),73306,1524406
Place(1A051),50804,840166
Place(6B030),6461,94550
Place(1B022),83044,1574775
Place(2C0E1),49,426
Place(2B010),153507,3239048
Place(5G061),5568,76924
Place(2F022),37546,688593
Place(4E0B1),151,1583
Place(2D0B1),10518,175334
Place(3G095),162,2124
Place(3F052),9824,164811
Place(1C051),57136,1078744
Place(2C093),22467,439965
Place(5D091),9712,162021
Place(6C013),40017,770502
Place(3B082),97621,2008598
Place(3B043),42941,860127
Place(6G082),16496,308599
Place(4C070),249546,5008803
Place(0B021),1431,18325
Place(4D021),46767,934872
Place(6E092),4026,67398
Place(3C0B2),63,583
Place(5D0C0),692,6827
Place(3C096),32358,675765
Place(5C097),10006,192664
Place(0D0C0),4508,49850
Place(4G0A0),932,10005
Place(1G0B0),1101025,24072160
Place(6D053),1081,14641
Place(2D040),355615,8249625
Place(5B013),34548,670711
Place(5D081),108836,2381641
Place(6C090),24689,482292
Place(6A070),404949,8723102
Place(6G053),16132,268982
Place(5F0E1),543,5381
Place(4F052),20009,352056
Place(1G040),1896,26333
Place(3B012),156658,3312858
Place(2B091),13162,270222
Place(5E0C0),612,6566
Place(4B094),15935,299937
Place(5G052),81448,1384346
Place(3E041),130186,2870790
Place(2A010),1126152,26673568
Place(3A0E2),1213,11606
Place(1D081),52111,980585
Place(6G0B0),748,8147
Place(5E081),75326,1568795
Place(2G0B3),399,3713
Place(5A082),103214,1914789
Place(6F012),1925,26509
Place(4G0B0),780,8780
Place(3B0C0),225,2201
Place(5C095),6679,120042
Place(2E0A2),164,1746
Place(0G094),11985,215897
Place(4G043),9704,157052
Place(0D095),581,8296
Place(2B052),149157,3011821
Place(3E0E2),8,52
Place(5G093),1771,25502
Place(1F0B0),70495,1165381
Place(5B0B0),1483,16362
Place(5F061),139072,2919067
Place(3E0D0),422,4773
Place(6G083),115873,2661705
Place(0E043),1034316,25533849
Place(3C0A0),160,1710
Place(3B0E2),180,1558
Place(4D0C0),29330,527995
Place(3B0A1),220,2222
Place(6F090),141076,2959581
Place(1D011),127599,2733715
Place(6A092),3216,51036
Place(4B0E3),210,2014
Place(1A060),1038462,21572974
Place(6G0F0),15,127
Place(4E097),23580,490459
Place(5B052),9957,173860
Place(0C070),86753,1578311
Place(5G041),1096190,23283725
Place(2G0A0),752,7835
Place(3D022),397086,8760464
Place(6G010),228555,5288116
Place(2A091),8457,148727
Place(4A092),5872,101637
Place(5C0B3),201,1945
Place(6A0D0),673,6903
Place(3C022),141716,2982833
Place(3C071),335610,6841276
Place(3E013),424688,9808013
Place(6F023),1308,16478
Place(3E020),401272,8793685
Place(4D095),23741,476149
Place(5D061),834303,17974928
Place(4F0C0),406,4468
Place(1G080),76918,1440115
Place(0D0A2),2049,21025
Place(3G081),2242,34646
Place(0E0A3),594,6067
Place(5F0B1),649,6420
Place(5F013),23643,465775
Place(3B030),659827,14118173
Place(3E0B0),6811,107948
Place(0E052),178515,3587760
Place(1F050),12387,226000
Place(5F0A0),360,3632
Place(4D010),50060,1057507
Place(5F010),109221,2133643
Place(0G061),491425,10649300
Place(6D012),2603,41513
Place(1E051),39321,712518
Place(0F070),69169,1157390
Place(3F083),92291,1953701
Place(6G020),14599,243635
Place(0B083),911590,19631795
Place(6B0A3),33633,509771
Place(0B060),9726,151700
Place(1D091),35094,727467
Place(3E011),463958,10729454
Place(0B013),190479,3615960
Place(1C0B0),210,1937
Place(2D0A3),731,9014
Place(5E043),123671,2531791
Place(1C091),22657,474519
Place(2F0F1),191,2532
Place(4G061),51199,838235
Place(5A040),120084,2164159
Place(4A060),83680,1771778
Place(0B0B2),2820,30744
Place(0E042),86196,1747097
Place(3D011),195003,4467319
Place(4C0B3),85,817
Place(2B092),11571,214205
Place(1D050),43983,786963
Place(3E031),560326,13182623
Place(3F040),168943,3656558
Place(5A011),4920,76007
Place(5D022),11178,191757
Place(5C012),60962,1204833
Place(2G060),56615,1195327
Place(3G010),2099,31516
Place(6A0F0),41,421
Place(4D093),38723,819992
Place(4D091),16530,316058
Place(6F022),61201,1040390
Place(1B096),917,14593
Place(3A083),2337,35729
Place(4A0C0),723,7748
Place(1F081),44595,955381
Place(1G0A1),8289,102649
Place(4E090),5675,113356
Place(5B0B1),669,6674
Place(0A022),14253,239188
Place(1A031),16896,283443
Place(4F030),690355,15766579
Place(0C060),172491,3343914
Place(1C0F0),4,17
Place(5D043),75393,1554158
Place(0A0B0),585,6237
Place(4B093),2723,45926
Place(4B010),95985,1907070
Place(5F060),499393,10428456
Place(3F013),264852,5841323
Place(2A060),80831,1747242
Place(4C093),32211,665720
Place(5C040),51339,996865
Place(4F090),16788,318931
Place(5C031),246595,5283025
Place(4F0B2),10068,158091
Place(1B0F0),471,5657
Place(2E061),332887,7544644
Place(0C022),164407,3277468
Place(3F051),15949,288028
Place(2B050),17055,306941
Place(0D061),450747,8404060
Place(2E0E0),7,49
Place(2B031),348135,7256467
Place(2D082),209242,4791220
Place(2E030),647632,15063926
Place(1B0D0),3658,44722
Place(3E040),315097,7262028
Place(1A097),1379,20221
Place(2C052),222942,4745360
Place(6G0B3),594,6469
Place(1A052),1198,15328
Place(0E096),8045,134750
Place(4G097),2405,38205
Place(0C052),970146,21667672